{
  "model_size": "m",
  "epochs": 50,
  "batch_size": 16,
  "img_size": 640,
  "device": "cuda",
  "best_model_path": "/home/wgxls/Conda-Workspace/yolo-and-ocr/yolov8/char_detection/yolov8_chars2/weights/best.pt",
  "validation_results": {
    "mAP50": 0.9901450755765928,
    "mAP50_95": 0.899653954481756,
    "precision": 0.9821769876019831,
    "recall": 0.964360687189158
  }
}